{"cameraMode":{"drawMode":0,"name":"Shaded","section":"Shading Mode"},"sceneLighting":true,"audioPlay":false,"sceneViewState":{"m_AlwaysRefresh":false,"showFog":true,"showSkybox":true,"showFlares":true,"showImageEffects":true,"showParticleSystems":true,"showVisualEffectGraphs":true,"m_FxEnabled":true},"in2DMode":false,"pivot":{"x":5.4275922775268559,"y":2.2517786026000978,"z":1.2582807540893555},"rotation":{"x":-0.20372065901756288,"y":-0.33237457275390627,"z":0.0737747848033905,"w":-0.917929470539093},"size":9.134029388427735,"orthographic":true}