{"cameraMode":{"drawMode":0,"name":"Shaded","section":"Shading Mode"},"sceneLighting":true,"audioPlay":false,"sceneViewState":{"m_AlwaysRefresh":false,"showFog":true,"showSkybox":true,"showFlares":true,"showImageEffects":true,"showParticleSystems":true,"showVisualEffectGraphs":true,"m_FxEnabled":true},"in2DMode":false,"pivot":{"x":5.4275922775268559,"y":2.2517786026000978,"z":1.2582807540893555},"rotation":{"x":-0.25546127557754519,"y":-0.37667250633239748,"z":0.10889265686273575,"w":-0.8837497234344482},"size":9.134029388427735,"orthographic":false}